{"version":6,"validation":{"int8":{"confusion_matrix":[[567,12,30,30,13,24],[33,164,15,35,4,3],[69,14,248,95,35,34],[32,15,122,610,15,4],[62,11,126,60,94,16],[48,6,29,14,10,449]],"classification_report":{"0":{"precision":0.6991368680641183,"recall":0.8387573964497042,"f1-score":0.7626092804303968,"support":676},"1":{"precision":0.7387387387387387,"recall":0.6456692913385826,"f1-score":0.6890756302521008,"support":254},"2":{"precision":0.43508771929824563,"recall":0.501010101010101,"f1-score":0.46572769953051646,"support":495},"3":{"precision":0.7227488151658767,"recall":0.7644110275689223,"f1-score":0.7429963459196103,"support":798},"4":{"precision":0.5497076023391813,"recall":0.25474254742547425,"f1-score":0.34814814814814815,"support":369},"5":{"precision":0.8471698113207548,"recall":0.8075539568345323,"f1-score":0.8268876611418048,"support":556},"accuracy":0.6772554002541296,"macro avg":{"precision":0.6654315924878192,"recall":0.6353573867712194,"f1-score":0.6392407942370961,"support":3148},"weighted avg":{"precision":0.6754277821993273,"recall":0.6772554002541296,"f1-score":0.6677927526137061,"support":3148}},"roc_auc":0.9016290655948267,"loss":0.9260666602761767,"support":3148,"weighted_average":{"precision":0.6754277821993273,"recall":0.6772554002541296,"f1-score":0.6677927526137061},"class_names":["Footsteps","Gunshots","Nature Elements","Thunder","Vehicles","Wildlife"]},"float32":{"confusion_matrix":[[566,12,30,31,13,24],[33,161,16,35,6,3],[63,12,251,100,34,35],[29,15,120,613,17,4],[59,12,125,64,92,17],[46,6,29,15,11,449]],"classification_report":{"0":{"precision":0.7110552763819096,"recall":0.8372781065088757,"f1-score":0.7690217391304347,"support":676},"1":{"precision":0.7385321100917431,"recall":0.6338582677165354,"f1-score":0.6822033898305084,"support":254},"2":{"precision":0.4395796847635727,"recall":0.5070707070707071,"f1-score":0.4709193245778612,"support":495},"3":{"precision":0.7144522144522144,"recall":0.768170426065163,"f1-score":0.7403381642512077,"support":798},"4":{"precision":0.5317919075144508,"recall":0.24932249322493225,"f1-score":0.33948339483394835,"support":369},"5":{"precision":0.8439849624060151,"recall":0.8075539568345323,"f1-score":0.8253676470588236,"support":556},"accuracy":0.6772554002541296,"macro avg":{"precision":0.663232692601651,"recall":0.6338756595701243,"f1-score":0.6378889432804639,"support":3148},"weighted avg":{"precision":0.6739111139958341,"recall":0.6772554002541296,"f1-score":0.6674736537058643,"support":3148}},"roc_auc":0.9022707697670106,"loss":0.9070299014216108,"support":3148,"weighted_average":{"precision":0.6739111139958341,"recall":0.6772554002541296,"f1-score":0.6674736537058643},"class_names":["Footsteps","Gunshots","Nature Elements","Thunder","Vehicles","Wildlife"]}}}